id,status,first_name,last_name,phone,email_address,address_line_one,address_line_two,city,state,zip
1,Active,Roger,Flack,862-287-1718,Roger_Flack96@1kmd3.space,159 Beaconsfield Grove,,Norfolk,South Dakota,60647
2,Inactive,Andie,Dann,567-165-0376,Andie_Dann1452@fhuux.us,1583 Blandford Grove,,Pittsburgh,North Dakota,60804
3,Cancelled,Matt,Yarlett,437-855-1523,Matt_Yarlett6948@nmz0p.website,2021 Maple Road,,Henderson,Illinois,60617
4,Active,Michelle,Young,533-402-0306,Michelle_Young2884@ptr6k.store,960 Sheffield Lane,,Omaha,Texas,60647
5,Inactive,Kimberly,Forester,757-013-5406,Kimberly_Forester3629@3wbkp.space,3702 Bazely Walk,,Escondido,Colorado,60804
6,Cancelled,Kurt,Brown,651-700-5244,Kurt_Brown2360@gnjps.host,5240 Walnut Road,,Innsbruck,Montana,60617
7,Active,Paige,Uddin,260-238-0568,Paige_Uddin7362@ohqqh.property,6654 Bloomsbury Street,,Paris,New York,60634
8,Inactive,Rachael,Simpson,511-781-2368,Rachael_Simpson9046@v1wn5.info,1288 Virginia Street,,Berna,Delaware,60608
9,Cancelled,Lindsay,Rogan,715-276-1628,Lindsay_Rogan6000@yahoo.auction,890 Camelot Crossroad,,Orlando,Illinois,60123
10,Active,Karla,Radley,816-4580521,Karla_Radley3763@cke3u.edu,1302 Berry Avenue,,San Francisco,Illinois,60625
11,Inactive,Lexi,Kirby,368-273-6178,Lexi_Kirby1398@ckzyi.audio,3859 Empress Walk,,Lakewood,Illinois,60647
12,Cancelled,Carl,Richards,683-801-7142,Carl_Richards9052@1kmd3.info,2877 Clissold Drive,,Phoenix,Minnesota,60804
13,Active,benny,mackenzie,3610780357,Benny_Mackenzie8085@1wa8o.info,8899 Durweston Lane,,Lyon,Illinois,60617
14,Inactive,Camellia,Jordan,357-614-6601,Camellia_Jordan2083@cke3u.tech,4445 Calvin Avenue,,Prague,Ohio,60645
15,Cancelled,Mackenzie,Lane,528-840-2053,Mackenzie_Lane5573@kyb7t.business,6493 Collingwood Lane,,Los Angeles,Nebraska,60608
16,Active,Zoe,Asher,184-604-7743,Zoe_Asher9937@ckzyi.online,6654 Tiptree Street,,Paris,Illinois,60586
17,Inactive,Johnny,Notman,232-032-4273,Johnny_Notman5397@yvu30.host,3294 Dyott Walk,,Detroit,Illinois,60625
18,Cancelled,Ethan,Cunningham,258-434-7323,Ethan_Cunningham3786@fhuux.com,154 Blake Route,,Denver,Illinois,60647
19,Active,Carl,Plant,534-005-2708,Carl_Plant6899@iaart.org,9945 Buttonwood Route,,Philadelphia,Illinois,60804
20,Inactive,Hayden,Howard,833-073-5683,Hayden_Howard8615@dbxli.site,3180 Chart Street,,Miami,Texas,60617
21,Cancelled,Enoch,Sylvester,137-547-8368,Enoch_Sylvester3950@avn7d.video,420 West Drive,,Rochester,Michigan,60647
22,Active,Nick,Stuart,527-202-6821,Nick_Stuart3779@ds59r.media,8948 Lincoln Tunnel,,Laredo,Kansas,60804
23,Inactive,Fred,Cunningham,464-501-0316,Fred_Cunningham9620@nanoff.property,8823 Victorian Avenue,,Saint Paul,West Virginia,60617
24,Active,Marla,glass,(703)-422-6118,Marla_Glass4471@nb44i.store,1520 Birkenhead Way,,New York,Illinois,60435
25,Active,Joyce,Paterson,151-027-3720,Joyce_Paterson1795@ds59r.website,3697 Howard Rue,,Lyon,Maine,60608
26,Inactive,Nick,Lomax,258-176-7811,Nick_Lomax7028@cke3u.biz,7209 Besson Vale,,Madison,Illinois,60126
27,Cancelled,Marvin,Grady,257-678-7256,Marvin_Grady9603@ckzyi.audio,1768 Sherwood Vale,,Paris,Illinois,60625
28,Active,Willow,Grey,687-252-4052,Willow_Grey6856@dvqq2.digital,2693 Eaglet Grove,,Fayetteville,Illinois,60617
29,Inactive,Ellen,Campbell,872-186-5318,Ellen_Campbell4526@dbxli.software,1142 Magnolia Tunnel,,Sacramento,Michigan,60647
30,Cancelled,Daron,Spencer,665-540-4236,Daron_Spencer5612@cke3u.press,2917 Thrale Grove,,Hayward,Illinois,60617
31,Active,Christine,Heaton,400-220-3688,Christine_Heaton6295@lyvnc.ca,4311 Ashley Hill,,Memphis,Ohio,60608
32,Inactive,Daria,Brock,306-006-1553,Daria_Brock9763@ptr6k.services,4879 Westbourne Vale,,London,Illinois,60625
33,Cancelled,Maggie,Denton,325-406-3062,Maggie_Denton227@y96lx.ca,8097 Maple Lane,,Amarillo,Delaware,60647
34,Active,peter,Bell,151-002-5338,Peter_Bell1052@p5emz.page,3593 Ensign Alley,,Venice,Illinois,60804
35,Inactive,Deborah,Butler,731-518-8847,Deborah_Butler8654@xtwt3.online,2909 Apsley Rue,,Scottsdale,New York,60644
36,Cancelled,Grace,Logan,200-060-5231,Grace_Logan2888@uagvw.software,7398 Capeners Walk,,Norfolk,Rhode Island,60608
37,Active,Camila,Kennedy,146-601-7767,Camila_Kennedy1370@fhuux.website,631 Chester Avenue,,Springfield,Minnesota,60625
38,Inactive,Joseph,Adams,457-483-3380,Joseph_Adams7282@d9un8.info,998 Norfolk Rue,,Garland,Delaware,60647
39,Cancelled,Tom,Fowler,475-171-4752,Tom_Fowler1715@chkzl.store,8523 Heritage Street,,Glendale,Ohio,60617
40,Active,William,upton,163-632-1875,William_Upton7703@jh02o.net,3095 Champion Pass,,Berna,Illinois,60608
41,Inactive,Allison,Roth,148-406-4307,Allison_Roth4370@yafr7.host,8309 Wager Drive,,Otawa,Illinois,60634
42,Active,Carmella,ulyatt,(858) 121-6105,Carmella_Ulyatt5985@p5emz.page,5708 King Boulevard,,Indianapolis,Illinois,60623
43,Active,Davina,Ross,274-282-8078,Davina_Ross439@d9un8.store,5135 Bocking Lane,,Dallas,Illinois,60085
44,Inactive,Bree,Murray,800-743-7278,Bree_Murray8696@p5emz.center,6635 Bendall Walk,,Bellevue,Illinois,60014
45,Cancelled,Michaela,Hopkinson,670-187-8627,Michaela_Hopkinson3145@mpibr.property,4103 Caedmon Lane,,Chicago,Illinois,60647
46,Active,Abdul,seymour,283-466-3868,Abdul_Seymour195@ptr6k.org,9335 Byland Rue,,Madison,Illinois,60617
47,Inactive,Hayden,Warner,357-476-3348,Hayden_Warner4866@ds59r.business,763 Walnut Walk,,Valetta,Oregon,60608
48,Cancelled,Ada,Pierce,856-736-4626,Ada_Pierce9868@zynuu.net,1257 Rivervalley Vale,,Seattle,Illinois,60625
49,Active,Isabel,Carter,516-250-7376,Isabel_Carter6658@ptr6k.directory,5815 Cardinal Way,,Lisbon,Nebraska,60647
50,Inactive,Jolene,Townend,200-783-8813,Jolene_Townend4723@1wa8o.zone,1092 Canon Road,,Saint Paul,Tennessee,60804
51,Cancelled,Daron,Dempsey,864-868-5467,Daron_Dempsey3573@qu9ml.us,7336 East Road,,Omaha,Illinois,60010
52,Active,Anne,Evans,887-458-6131,Anne_Evans161@voylg.digital,6759 Andsell Vale,,Long Beach,Illinois,60608
53,Inactive,Noah,Cooper,611-462-8705,Noah_Cooper9626@bqkv0.works,2053 Calverley Tunnel,,Honolulu,Illinois,60625
54,Cancelled,Sasha,Vangness,648-200-1215,Sasha_Vangness5140@dvqq2.site,4896 Besson Crossroad,,Wien,Illinois,60647
55,Active,celina,Herbert,(581) 4584053,Celina_Herbert1595@iscmr.tech,5582 Ben Rue,,Henderson,Illinois,60617
56,Inactive,Roger,Lunt,283-535-5542,Roger_Lunt1228@xqj6f.info,9587 Antrobus Rue,,Rome,Illinois,60608
57,Cancelled,Johnny,Swift,652-566-2864,Johnny_Swift87@yafr7.name,649 Abourne Road,,Laredo,Louisiana,60647
58,Active,Manuel,Bryant,472-181-5888,Manuel_Bryant6520@c2nyu.center,5156 Longmoore Crossroad,,San Francisco,Illinois,60617
59,Inactive,Hayden,Irving,354-105-2414,Hayden_Irving2864@kyb7t.name,5252 Mariner Hill,,San Francisco,Missouri,60608
60,Active,brad,Donnelly,(884)-848-1678,Brad_Donnelly536@jh02o.info,9561 Gautrey Walk,,Paris,Illinois,60625
61,Active,Erin,Middleton,768-745-8262,Erin_Middleton9879@urn0m.store,9642 Heritage Tunnel,,Scottsdale,New York,60647
62,Inactive,Kenzie,Rose,433-586-6304,Kenzie_Rose7135@yahoo.shop,4806 Bethwin Road,,Las Vegas,Illinois,60804
63,Cancelled,Noah,Bradley,160-886-4304,Noah_Bradley4144@nb44i.auction,3113 Fairbairn Vale,,Bridgeport,Massachusetts,60564
64,Active,Liv,oliver,232-887-7458,Liv_Oliver6647@xqj6f.space,4914 Calshot Vale,,Moreno Valley,Illinois,60608
65,Inactive,William,Parker,514-305-0540,William_Parker3080@iscmr.host,5369 Cavell Street,,Dallas,Tennessee,60625
66,Cancelled,Rosalyn,Daniells,403-418-8425,Rosalyn_Daniells9773@jh02o.business,9476 Church Street,,Fremont,Illinois,60647
67,Active,Judith,Mcgee,738-625-4608,Judith_Mcgee4613@avn7d.design,9223 Baltic Lane,,Irving,Illinois,60617
68,Inactive,Angel,Pearce,734-451-4384,Angel_Pearce3936@nb44i.works,3854 English Way,,Fremont,Wyoming,60608
69,Cancelled,Harry,Williams,250-403-3670,Harry_Williams3818@jcf8v.store,2907 Vincent Hill,,Richmond,Colorado,60004
70,Active,Penny,Rosenbloom,857-705-1877,Penny_Rosenbloom7199@iaart.catering,4961 Monroe Grove,,Chicago,South Dakota,60647
71,Inactive,Hannah,Pearce,223-684-4747,Hannah_Pearce2479@xtwt3.press,442 Monroe Road,,Salem,Colorado,60617
72,Cancelled,Marvin,Woodley,573-326-8228,Marvin_Woodley8228@urn0m.design,9045 Cleveland Vale,,Worcester,Illinois,60608
73,Active,Mary,Collis,8158365786,Mary_Collis6789@nanoff.pro,4776 Gautrey Vale,,Seattle,Illinois,60625
74,Inactive,Matthew,Vass,153-217-0667,Matthew_Vass7758@nmz0p.press,5023 Chesterfield Route,,Huntsville,Washington,60647
75,Cancelled,Tom,Morgan,527-830-0060,Tom_Morgan4068@jh02o.org,4932 Bocking Rue,,Miami,Wyoming,60804
76,Active,Brooklyn,Shelton,234-325-3817,Brooklyn_Shelton5860@bqkv0.info,5106 Bennett Pass,,Laredo,New York,60440
77,Inactive,Lauren,Mccormick,772-551-6776,Lauren_Mccormick3123@cke3u.website,7727 Caroline Tunnel,,Orlando,Illinois,60608
78,Cancelled,Marla,Ingham,487-702-2865,Marla_Ingham7036@iaart.services,1578 Carolina Way,,Colorado Springs,Tennessee,60625
79,Active,Julian,Knight,235-217-6506,Julian_Knight292@avn7d.digital,5619 Chambers Drive,,Stockton,South Dakota,60647
80,Inactive,Marvin,Morris,583-385-6087,Marvin_Morris6771@yfxpw.zone,3858 Union Avenue,,Phoenix,Illinois,60617
81,Cancelled,Gil,Lomax,217-165-5027,Gil_Lomax9867@yfxpw.website,8566 Balham Way,,Louisville,North Dakota,60608
82,Active,Jayden,Redwood,280-083-7535,Jayden_Redwood327@y96lx.property,1326 Rise Walk,,Rome,Rhode Island,60804
83,Inactive,Domenic,Tobin,580-012-6235,Domenic_Tobin5724@d9un8.us,9044 Lexington Vale,,Bucharest,Tennessee,60617
84,Cancelled,Helen,Donnelly,140-833-8077,Helen_Donnelly7022@lhp4j.mobi,4539 Bayberry Tunnel,,Orlando,Illinois,60123
85,Active,Barney,Kelly,348-020-4011,Barney_Kelly1923@xtwt3.shop,3014 Geffrye Grove,,Las Vegas,Rhode Island,60608
86,Inactive,Ethan,Thornton,728-428-5304,Ethan_Thornton5454@cdpfn.site,5661 Dutton Pass,,Oakland,Illinois,60506
87,Cancelled,Eileen,West,256-887-0721,Eileen_West2168@cke3u.net,9476 Byland Rue,,Scottsdale,West Virginia,60625
88,Active,Jack,Warner,504-206-7058,Jack_Warner8984@zynuu.audio,6444 Cadogan Alley,,Henderson,Tennessee,60637
89,Inactive,Nicole,Hall,336-868-2220,Nicole_Hall1401@ohqqh.business,1493 Durnford Road,,Otawa,Massachusetts,60647
90,Cancelled,Cassandra,Mooney,556-383-2333,Cassandra_Mooney5542@bqkv0.store,2080 Kingly Pass,,El Paso,New Jersey,60617
91,Active,Peter,Collingwood,745-570-5426,Peter_Collingwood2119@ohqqh.property,1089 Bellenden Lane,,Lincoln,Illinois,60608
92,Inactive,Boris,Pearson,317-835-8657,Boris_Pearson7281@nb44i.press,5770 Carol Pass,,Louisville,Oregon,60625
93,Active,Ryan,stewart,444-260-7863,Ryan_Stewart2887@dbxli.tech,2982 Liverpool Route,,Springfield,Illinois,60647
94,Active,Erick,Hale,672-080-2513,Erick_Hale8444@lhp4j.app,489 Canon Boulevard,,Saint Paul,South Dakota,60804
95,Inactive,Joseph,Saunders,730-264-1038,Joseph_Saunders58@voylg.catering,5204 Linda Rue,,Moreno Valley,Tennessee,60123
96,Cancelled,Helen,Jenkins,708-671-0517,Helen_Jenkins3718@yafr7.net,6716 Bellenden Crossroad,,Washington,Illinois,60608
97,Active,marilyn,whitehouse,873-507-5450,Marilyn_Whitehouse9127@yvu30.club,1778 Chamberlain Rue,,Louisville,Illinois,60625
98,Inactive,Anthony,Overson,360-317-4312,Anthony_Overson9113@yfxpw.space,8278 Central Hill,,Richmond,Kansas,60647
99,Cancelled,Joseph,Emmott,733-583-6547,Joseph_Emmott3281@v1wn5.design,8359 Birkenhead Street,,Miami,Delaware,60617
100,Active,Rosalyn,Lynn,(126)0362501,Rosalyn_Lynn5739@jcf8v.store,3587 Lane Hill,,Escondido,Illinois,60608
